news,author,tags
Star Live,The Daily star,national
"আদালতের পরিবেশ নষ্ট করবেন না, বাড়াবাড়ির একটা সীমা আছে: প্রধান বিচারপতি",The Daily star,national
মালয়েশিয়া থেকে অবৈধ শ্রমিকদের ফেরাতে বিমানের ১৬টি বিশেষ ফ্লাইট,The Daily star,national
মাঘের আগেই ১০ ডিগ্রি সেলসিয়াসে পারদ,The Daily star,national
"'পুলিশের সম্মানিত অনেকেই শিল্পী সমিতিতে এসে চা খেয়েছেন, ঘুরে ঘুরে সব দেখেছেন'",The Daily star,national
Never seen such situation at courtroom: CJ ,The Daily star,national
Quader warns BNP against anarchy over court verdict,The Daily star,national
TIB wants transparency on UN role over Rohingyas crisis,The Daily star,national
Buet ragging: 8 students suspended for various terms,The Daily star,national
‘BSMMU couldn’t submit Khaleda’s medical report under govt pressure’,The Daily star,national
‘Hajj management to be improved further in 2020’,The Daily star,national
Each UZ to get support centre for specially-abled people: PM,The Daily star,national
16 addl flights of Biman to bring back illegal Bangladeshi workers from KL ,The Daily star,national
"WAIT, HOW OLD AM I AGAIN?",The Daily star,national
Dr Farida Zaman’s solo exhibition opens tomorrow at BNM,The Daily star,national
Bangladesh keep slim hopes alive with 1-0 win over Sri Lanka,The Daily star,national
Bangladesh’s untapped potential in export of ceramics,The Daily star,national
The ‘world’s first’ AI news anchor goes live in China,The Daily star,national
Change is the only constant,The Daily star,national
Triggering digital transformation: Reducing operating cost and expanding customer base,The Daily star,national
